,Survived,Pclass,Sex,Age,SibSp,Parch,Fare,Embarked,Age_exists
0,0,3,0,22,1,0,7.25,S,TRUE
1,1,1,1,38,1,0,71.2833,C,TRUE
2,1,3,1,26,0,0,7.925,S,TRUE
3,1,1,1,35,1,0,53.1,S,TRUE
4,0,3,0,35,0,0,8.05,S,TRUE
5,0,3,0,,0,0,8.4583,Q,FALSE
6,0,1,0,54,0,0,51.8625,S,TRUE
7,0,3,0,2,3,1,21.075,S,TRUE
8,1,3,1,27,0,2,11.1333,S,TRUE
9,1,2,1,14,1,0,30.0708,C,TRUE
10,1,3,1,4,1,1,16.7,S,TRUE
11,1,1,1,58,0,0,26.55,S,TRUE
12,0,3,0,20,0,0,8.05,S,TRUE
13,0,3,0,39,1,5,31.275,S,TRUE
14,0,3,1,14,0,0,7.8542,S,TRUE
15,1,2,1,55,0,0,16,S,TRUE
16,0,3,0,2,4,1,29.125,Q,TRUE
17,1,2,0,,0,0,13,S,FALSE
18,0,3,1,31,1,0,18,S,TRUE
19,1,3,1,,0,0,7.225,C,FALSE
20,0,2,0,35,0,0,26,S,TRUE
21,1,2,0,34,0,0,13,S,TRUE
22,1,3,1,15,0,0,8.0292,Q,TRUE
23,1,1,0,28,0,0,35.5,S,TRUE
24,0,3,1,8,3,1,21.075,S,TRUE
25,1,3,1,38,1,5,31.3875,S,TRUE
26,0,3,0,,0,0,7.225,C,FALSE
27,0,1,0,19,3,2,263,S,TRUE
28,1,3,1,,0,0,7.8792,Q,FALSE
29,0,3,0,,0,0,7.8958,S,FALSE
30,0,1,0,40,0,0,27.7208,C,TRUE
31,1,1,1,,1,0,146.5208,C,FALSE
32,1,3,1,,0,0,7.75,Q,FALSE
33,0,2,0,66,0,0,10.5,S,TRUE
34,0,1,0,28,1,0,82.1708,C,TRUE
35,0,1,0,42,1,0,52,S,TRUE
36,1,3,0,,0,0,7.2292,C,FALSE
37,0,3,0,21,0,0,8.05,S,TRUE
38,0,3,1,18,2,0,18,S,TRUE
39,1,3,1,14,1,0,11.2417,C,TRUE
40,0,3,1,40,1,0,9.475,S,TRUE
41,0,2,1,27,1,0,21,S,TRUE
42,0,3,0,,0,0,7.8958,C,FALSE
43,1,2,1,3,1,2,41.5792,C,TRUE
44,1,3,1,19,0,0,7.8792,Q,TRUE
45,0,3,0,,0,0,8.05,S,FALSE
46,0,3,0,,1,0,15.5,Q,FALSE
47,1,3,1,,0,0,7.75,Q,FALSE
48,0,3,0,,2,0,21.6792,C,FALSE
49,0,3,1,18,1,0,17.8,S,TRUE
50,0,3,0,7,4,1,39.6875,S,TRUE
51,0,3,0,21,0,0,7.8,S,TRUE
52,1,1,1,49,1,0,76.7292,C,TRUE
53,1,2,1,29,1,0,26,S,TRUE
54,0,1,0,65,0,1,61.9792,C,TRUE
55,1,1,0,,0,0,35.5,S,FALSE
56,1,2,1,21,0,0,10.5,S,TRUE
57,0,3,0,28.5,0,0,7.2292,C,TRUE
58,1,2,1,5,1,2,27.75,S,TRUE
59,0,3,0,11,5,2,46.9,S,TRUE
60,0,3,0,22,0,0,7.2292,C,TRUE
61,1,1,1,38,0,0,80,S,TRUE
62,0,1,0,45,1,0,83.475,S,TRUE
63,0,3,0,4,3,2,27.9,S,TRUE
64,0,1,0,,0,0,27.7208,C,FALSE
65,1,3,0,,1,1,15.2458,C,FALSE
66,1,2,1,29,0,0,10.5,S,TRUE
67,0,3,0,19,0,0,8.1583,S,TRUE
68,1,3,1,17,4,2,7.925,S,TRUE
69,0,3,0,26,2,0,8.6625,S,TRUE
70,0,2,0,32,0,0,10.5,S,TRUE
71,0,3,1,16,5,2,46.9,S,TRUE
72,0,2,0,21,0,0,73.5,S,TRUE
73,0,3,0,26,1,0,14.4542,C,TRUE
74,1,3,0,32,0,0,56.4958,S,TRUE
75,0,3,0,25,0,0,7.65,S,TRUE
76,0,3,0,,0,0,7.8958,S,FALSE
77,0,3,0,,0,0,8.05,S,FALSE
78,1,2,0,0.83,0,2,29,S,TRUE
79,1,3,1,30,0,0,12.475,S,TRUE
80,0,3,0,22,0,0,9,S,TRUE
81,1,3,0,29,0,0,9.5,S,TRUE
82,1,3,1,,0,0,7.7875,Q,FALSE
83,0,1,0,28,0,0,47.1,S,TRUE
84,1,2,1,17,0,0,10.5,S,TRUE
85,1,3,1,33,3,0,15.85,S,TRUE
86,0,3,0,16,1,3,34.375,S,TRUE
87,0,3,0,,0,0,8.05,S,FALSE
88,1,1,1,23,3,2,263,S,TRUE
89,0,3,0,24,0,0,8.05,S,TRUE
90,0,3,0,29,0,0,8.05,S,TRUE
91,0,3,0,20,0,0,7.8542,S,TRUE
92,0,1,0,46,1,0,61.175,S,TRUE
93,0,3,0,26,1,2,20.575,S,TRUE
94,0,3,0,59,0,0,7.25,S,TRUE
95,0,3,0,,0,0,8.05,S,FALSE
96,0,1,0,71,0,0,34.6542,C,TRUE
97,1,1,0,23,0,1,63.3583,C,TRUE
98,1,2,1,34,0,1,23,S,TRUE
99,0,2,0,34,1,0,26,S,TRUE
100,0,3,1,28,0,0,7.8958,S,TRUE
101,0,3,0,,0,0,7.8958,S,FALSE
102,0,1,0,21,0,1,77.2875,S,TRUE
103,0,3,0,33,0,0,8.6542,S,TRUE
104,0,3,0,37,2,0,7.925,S,TRUE
105,0,3,0,28,0,0,7.8958,S,TRUE
106,1,3,1,21,0,0,7.65,S,TRUE
107,1,3,0,,0,0,7.775,S,FALSE
108,0,3,0,38,0,0,7.8958,S,TRUE
109,1,3,1,,1,0,24.15,Q,FALSE
110,0,1,0,47,0,0,52,S,TRUE
111,0,3,1,14.5,1,0,14.4542,C,TRUE
112,0,3,0,22,0,0,8.05,S,TRUE
113,0,3,1,20,1,0,9.825,S,TRUE
114,0,3,1,17,0,0,14.4583,C,TRUE
115,0,3,0,21,0,0,7.925,S,TRUE
116,0,3,0,70.5,0,0,7.75,Q,TRUE
117,0,2,0,29,1,0,21,S,TRUE
118,0,1,0,24,0,1,247.5208,C,TRUE
119,0,3,1,2,4,2,31.275,S,TRUE
120,0,2,0,21,2,0,73.5,S,TRUE
121,0,3,0,,0,0,8.05,S,FALSE
122,0,2,0,32.5,1,0,30.0708,C,TRUE
123,1,2,1,32.5,0,0,13,S,TRUE
124,0,1,0,54,0,1,77.2875,S,TRUE
125,1,3,0,12,1,0,11.2417,C,TRUE
126,0,3,0,,0,0,7.75,Q,FALSE
127,1,3,0,24,0,0,7.1417,S,TRUE
128,1,3,1,,1,1,22.3583,C,FALSE
129,0,3,0,45,0,0,6.975,S,TRUE
130,0,3,0,33,0,0,7.8958,C,TRUE
131,0,3,0,20,0,0,7.05,S,TRUE
132,0,3,1,47,1,0,14.5,S,TRUE
133,1,2,1,29,1,0,26,S,TRUE
134,0,2,0,25,0,0,13,S,TRUE
135,0,2,0,23,0,0,15.0458,C,TRUE
136,1,1,1,19,0,2,26.2833,S,TRUE
137,0,1,0,37,1,0,53.1,S,TRUE
138,0,3,0,16,0,0,9.2167,S,TRUE
139,0,1,0,24,0,0,79.2,C,TRUE
140,0,3,1,,0,2,15.2458,C,FALSE
141,1,3,1,22,0,0,7.75,S,TRUE
142,1,3,1,24,1,0,15.85,S,TRUE
143,0,3,0,19,0,0,6.75,Q,TRUE
144,0,2,0,18,0,0,11.5,S,TRUE
145,0,2,0,19,1,1,36.75,S,TRUE
146,1,3,0,27,0,0,7.7958,S,TRUE
147,0,3,1,9,2,2,34.375,S,TRUE
148,0,2,0,36.5,0,2,26,S,TRUE
149,0,2,0,42,0,0,13,S,TRUE
150,0,2,0,51,0,0,12.525,S,TRUE
151,1,1,1,22,1,0,66.6,S,TRUE
152,0,3,0,55.5,0,0,8.05,S,TRUE
153,0,3,0,40.5,0,2,14.5,S,TRUE
154,0,3,0,,0,0,7.3125,S,FALSE
155,0,1,0,51,0,1,61.3792,C,TRUE
156,1,3,1,16,0,0,7.7333,Q,TRUE
157,0,3,0,30,0,0,8.05,S,TRUE
158,0,3,0,,0,0,8.6625,S,FALSE
159,0,3,0,,8,2,69.55,S,FALSE
160,0,3,0,44,0,1,16.1,S,TRUE
161,1,2,1,40,0,0,15.75,S,TRUE
162,0,3,0,26,0,0,7.775,S,TRUE
163,0,3,0,17,0,0,8.6625,S,TRUE
164,0,3,0,1,4,1,39.6875,S,TRUE
165,1,3,0,9,0,2,20.525,S,TRUE
166,1,1,1,,0,1,55,S,FALSE
167,0,3,1,45,1,4,27.9,S,TRUE
168,0,1,0,,0,0,25.925,S,FALSE
169,0,3,0,28,0,0,56.4958,S,TRUE
170,0,1,0,61,0,0,33.5,S,TRUE
171,0,3,0,4,4,1,29.125,Q,TRUE
172,1,3,1,1,1,1,11.1333,S,TRUE
173,0,3,0,21,0,0,7.925,S,TRUE
174,0,1,0,56,0,0,30.6958,C,TRUE
175,0,3,0,18,1,1,7.8542,S,TRUE
176,0,3,0,,3,1,25.4667,S,FALSE
177,0,1,1,50,0,0,28.7125,C,TRUE
178,0,2,0,30,0,0,13,S,TRUE
179,0,3,0,36,0,0,0,S,TRUE
180,0,3,1,,8,2,69.55,S,FALSE
181,0,2,0,,0,0,15.05,C,FALSE
182,0,3,0,9,4,2,31.3875,S,TRUE
183,1,2,0,1,2,1,39,S,TRUE
184,1,3,1,4,0,2,22.025,S,TRUE
185,0,1,0,,0,0,50,S,FALSE
186,1,3,1,,1,0,15.5,Q,FALSE
187,1,1,0,45,0,0,26.55,S,TRUE
188,0,3,0,40,1,1,15.5,Q,TRUE
189,0,3,0,36,0,0,7.8958,S,TRUE
190,1,2,1,32,0,0,13,S,TRUE
191,0,2,0,19,0,0,13,S,TRUE
192,1,3,1,19,1,0,7.8542,S,TRUE
193,1,2,0,3,1,1,26,S,TRUE
194,1,1,1,44,0,0,27.7208,C,TRUE
195,1,1,1,58,0,0,146.5208,C,TRUE
196,0,3,0,,0,0,7.75,Q,FALSE
197,0,3,0,42,0,1,8.4042,S,TRUE
198,1,3,1,,0,0,7.75,Q,FALSE
199,0,2,1,24,0,0,13,S,TRUE
200,0,3,0,28,0,0,9.5,S,TRUE
201,0,3,0,,8,2,69.55,S,FALSE
202,0,3,0,34,0,0,6.4958,S,TRUE
203,0,3,0,45.5,0,0,7.225,C,TRUE
204,1,3,0,18,0,0,8.05,S,TRUE
205,0,3,1,2,0,1,10.4625,S,TRUE
206,0,3,0,32,1,0,15.85,S,TRUE
207,1,3,0,26,0,0,18.7875,C,TRUE
208,1,3,1,16,0,0,7.75,Q,TRUE
209,1,1,0,40,0,0,31,C,TRUE
210,0,3,0,24,0,0,7.05,S,TRUE
211,1,2,1,35,0,0,21,S,TRUE
212,0,3,0,22,0,0,7.25,S,TRUE
213,0,2,0,30,0,0,13,S,TRUE
214,0,3,0,,1,0,7.75,Q,FALSE
215,1,1,1,31,1,0,113.275,C,TRUE
216,1,3,1,27,0,0,7.925,S,TRUE
217,0,2,0,42,1,0,27,S,TRUE
218,1,1,1,32,0,0,76.2917,C,TRUE
219,0,2,0,30,0,0,10.5,S,TRUE
220,1,3,0,16,0,0,8.05,S,TRUE
221,0,2,0,27,0,0,13,S,TRUE
222,0,3,0,51,0,0,8.05,S,TRUE
223,0,3,0,,0,0,7.8958,S,FALSE
224,1,1,0,38,1,0,90,S,TRUE
225,0,3,0,22,0,0,9.35,S,TRUE
226,1,2,0,19,0,0,10.5,S,TRUE
227,0,3,0,20.5,0,0,7.25,S,TRUE
228,0,2,0,18,0,0,13,S,TRUE
229,0,3,1,,3,1,25.4667,S,FALSE
230,1,1,1,35,1,0,83.475,S,TRUE
231,0,3,0,29,0,0,7.775,S,TRUE
232,0,2,0,59,0,0,13.5,S,TRUE
233,1,3,1,5,4,2,31.3875,S,TRUE
234,0,2,0,24,0,0,10.5,S,TRUE
235,0,3,1,,0,0,7.55,S,FALSE
236,0,2,0,44,1,0,26,S,TRUE
237,1,2,1,8,0,2,26.25,S,TRUE
238,0,2,0,19,0,0,10.5,S,TRUE
239,0,2,0,33,0,0,12.275,S,TRUE
240,0,3,1,,1,0,14.4542,C,FALSE
241,1,3,1,,1,0,15.5,Q,FALSE
242,0,2,0,29,0,0,10.5,S,TRUE
243,0,3,0,22,0,0,7.125,S,TRUE
244,0,3,0,30,0,0,7.225,C,TRUE
245,0,1,0,44,2,0,90,Q,TRUE
246,0,3,1,25,0,0,7.775,S,TRUE
247,1,2,1,24,0,2,14.5,S,TRUE
248,1,1,0,37,1,1,52.5542,S,TRUE
249,0,2,0,54,1,0,26,S,TRUE
250,0,3,0,,0,0,7.25,S,FALSE
251,0,3,1,29,1,1,10.4625,S,TRUE
252,0,1,0,62,0,0,26.55,S,TRUE
253,0,3,0,30,1,0,16.1,S,TRUE
254,0,3,1,41,0,2,20.2125,S,TRUE
255,1,3,1,29,0,2,15.2458,C,TRUE
256,1,1,1,,0,0,79.2,C,FALSE
257,1,1,1,30,0,0,86.5,S,TRUE
258,1,1,1,35,0,0,512.3292,C,TRUE
259,1,2,1,50,0,1,26,S,TRUE
260,0,3,0,,0,0,7.75,Q,FALSE
261,1,3,0,3,4,2,31.3875,S,TRUE
262,0,1,0,52,1,1,79.65,S,TRUE
263,0,1,0,40,0,0,0,S,TRUE
264,0,3,1,,0,0,7.75,Q,FALSE
265,0,2,0,36,0,0,10.5,S,TRUE
266,0,3,0,16,4,1,39.6875,S,TRUE
267,1,3,0,25,1,0,7.775,S,TRUE
268,1,1,1,58,0,1,153.4625,S,TRUE
269,1,1,1,35,0,0,135.6333,S,TRUE
270,0,1,0,,0,0,31,S,FALSE
271,1,3,0,25,0,0,0,S,TRUE
272,1,2,1,41,0,1,19.5,S,TRUE
273,0,1,0,37,0,1,29.7,C,TRUE
274,1,3,1,,0,0,7.75,Q,FALSE
275,1,1,1,63,1,0,77.9583,S,TRUE
276,0,3,1,45,0,0,7.75,S,TRUE
277,0,2,0,,0,0,0,S,FALSE
278,0,3,0,7,4,1,29.125,Q,TRUE
279,1,3,1,35,1,1,20.25,S,TRUE
280,0,3,0,65,0,0,7.75,Q,TRUE
281,0,3,0,28,0,0,7.8542,S,TRUE
282,0,3,0,16,0,0,9.5,S,TRUE
283,1,3,0,19,0,0,8.05,S,TRUE
284,0,1,0,,0,0,26,S,FALSE
285,0,3,0,33,0,0,8.6625,C,TRUE
286,1,3,0,30,0,0,9.5,S,TRUE
287,0,3,0,22,0,0,7.8958,S,TRUE
288,1,2,0,42,0,0,13,S,TRUE
289,1,3,1,22,0,0,7.75,Q,TRUE
290,1,1,1,26,0,0,78.85,S,TRUE
291,1,1,1,19,1,0,91.0792,C,TRUE
292,0,2,0,36,0,0,12.875,C,TRUE
293,0,3,1,24,0,0,8.85,S,TRUE
294,0,3,0,24,0,0,7.8958,S,TRUE
295,0,1,0,,0,0,27.7208,C,FALSE
296,0,3,0,23.5,0,0,7.2292,C,TRUE
297,0,1,1,2,1,2,151.55,S,TRUE
298,1,1,0,,0,0,30.5,S,FALSE
299,1,1,1,50,0,1,247.5208,C,TRUE
300,1,3,1,,0,0,7.75,Q,FALSE
301,1,3,0,,2,0,23.25,Q,FALSE
302,0,3,0,19,0,0,0,S,TRUE
303,1,2,1,,0,0,12.35,Q,FALSE
304,0,3,0,,0,0,8.05,S,FALSE
305,1,1,0,0.92,1,2,151.55,S,TRUE
306,1,1,1,,0,0,110.8833,C,FALSE
307,1,1,1,17,1,0,108.9,C,TRUE
308,0,2,0,30,1,0,24,C,TRUE
309,1,1,1,30,0,0,56.9292,C,TRUE
310,1,1,1,24,0,0,83.1583,C,TRUE
311,1,1,1,18,2,2,262.375,C,TRUE
312,0,2,1,26,1,1,26,S,TRUE
313,0,3,0,28,0,0,7.8958,S,TRUE
314,0,2,0,43,1,1,26.25,S,TRUE
315,1,3,1,26,0,0,7.8542,S,TRUE
316,1,2,1,24,1,0,26,S,TRUE
317,0,2,0,54,0,0,14,S,TRUE
318,1,1,1,31,0,2,164.8667,S,TRUE
319,1,1,1,40,1,1,134.5,C,TRUE
320,0,3,0,22,0,0,7.25,S,TRUE
321,0,3,0,27,0,0,7.8958,S,TRUE
322,1,2,1,30,0,0,12.35,Q,TRUE
323,1,2,1,22,1,1,29,S,TRUE
324,0,3,0,,8,2,69.55,S,FALSE
325,1,1,1,36,0,0,135.6333,C,TRUE
326,0,3,0,61,0,0,6.2375,S,TRUE
327,1,2,1,36,0,0,13,S,TRUE
328,1,3,1,31,1,1,20.525,S,TRUE
329,1,1,1,16,0,1,57.9792,C,TRUE
330,1,3,1,,2,0,23.25,Q,FALSE
331,0,1,0,45.5,0,0,28.5,S,TRUE
332,0,1,0,38,0,1,153.4625,S,TRUE
333,0,3,0,16,2,0,18,S,TRUE
334,1,1,1,,1,0,133.65,S,FALSE
335,0,3,0,,0,0,7.8958,S,FALSE
336,0,1,0,29,1,0,66.6,S,TRUE
337,1,1,1,41,0,0,134.5,C,TRUE
338,1,3,0,45,0,0,8.05,S,TRUE
339,0,1,0,45,0,0,35.5,S,TRUE
340,1,2,0,2,1,1,26,S,TRUE
341,1,1,1,24,3,2,263,S,TRUE
342,0,2,0,28,0,0,13,S,TRUE
343,0,2,0,25,0,0,13,S,TRUE
344,0,2,0,36,0,0,13,S,TRUE
345,1,2,1,24,0,0,13,S,TRUE
346,1,2,1,40,0,0,13,S,TRUE
347,1,3,1,,1,0,16.1,S,FALSE
348,1,3,0,3,1,1,15.9,S,TRUE
349,0,3,0,42,0,0,8.6625,S,TRUE
350,0,3,0,23,0,0,9.225,S,TRUE
351,0,1,0,,0,0,35,S,FALSE
352,0,3,0,15,1,1,7.2292,C,TRUE
353,0,3,0,25,1,0,17.8,S,TRUE
354,0,3,0,,0,0,7.225,C,FALSE
355,0,3,0,28,0,0,9.5,S,TRUE
356,1,1,1,22,0,1,55,S,TRUE
357,0,2,1,38,0,0,13,S,TRUE
358,1,3,1,,0,0,7.8792,Q,FALSE
359,1,3,1,,0,0,7.8792,Q,FALSE
360,0,3,0,40,1,4,27.9,S,TRUE
361,0,2,0,29,1,0,27.7208,C,TRUE
362,0,3,1,45,0,1,14.4542,C,TRUE
363,0,3,0,35,0,0,7.05,S,TRUE
364,0,3,0,,1,0,15.5,Q,FALSE
365,0,3,0,30,0,0,7.25,S,TRUE
366,1,1,1,60,1,0,75.25,C,TRUE
367,1,3,1,,0,0,7.2292,C,FALSE
368,1,3,1,,0,0,7.75,Q,FALSE
369,1,1,1,24,0,0,69.3,C,TRUE
370,1,1,0,25,1,0,55.4417,C,TRUE
371,0,3,0,18,1,0,6.4958,S,TRUE
372,0,3,0,19,0,0,8.05,S,TRUE
373,0,1,0,22,0,0,135.6333,C,TRUE
374,0,3,1,3,3,1,21.075,S,TRUE
375,1,1,1,,1,0,82.1708,C,FALSE
376,1,3,1,22,0,0,7.25,S,TRUE
377,0,1,0,27,0,2,211.5,C,TRUE
378,0,3,0,20,0,0,4.0125,C,TRUE
379,0,3,0,19,0,0,7.775,S,TRUE
380,1,1,1,42,0,0,227.525,C,TRUE
381,1,3,1,1,0,2,15.7417,C,TRUE
382,0,3,0,32,0,0,7.925,S,TRUE
383,1,1,1,35,1,0,52,S,TRUE
384,0,3,0,,0,0,7.8958,S,FALSE
385,0,2,0,18,0,0,73.5,S,TRUE
386,0,3,0,1,5,2,46.9,S,TRUE
387,1,2,1,36,0,0,13,S,TRUE
388,0,3,0,,0,0,7.7292,Q,FALSE
389,1,2,1,17,0,0,12,C,TRUE
390,1,1,0,36,1,2,120,S,TRUE
391,1,3,0,21,0,0,7.7958,S,TRUE
392,0,3,0,28,2,0,7.925,S,TRUE
393,1,1,1,23,1,0,113.275,C,TRUE
394,1,3,1,24,0,2,16.7,S,TRUE
395,0,3,0,22,0,0,7.7958,S,TRUE
396,0,3,1,31,0,0,7.8542,S,TRUE
397,0,2,0,46,0,0,26,S,TRUE
398,0,2,0,23,0,0,10.5,S,TRUE
399,1,2,1,28,0,0,12.65,S,TRUE
400,1,3,0,39,0,0,7.925,S,TRUE
401,0,3,0,26,0,0,8.05,S,TRUE
402,0,3,1,21,1,0,9.825,S,TRUE
403,0,3,0,28,1,0,15.85,S,TRUE
404,0,3,1,20,0,0,8.6625,S,TRUE
405,0,2,0,34,1,0,21,S,TRUE
406,0,3,0,51,0,0,7.75,S,TRUE
407,1,2,0,3,1,1,18.75,S,TRUE
408,0,3,0,21,0,0,7.775,S,TRUE
409,0,3,1,,3,1,25.4667,S,FALSE
410,0,3,0,,0,0,7.8958,S,FALSE
411,0,3,0,,0,0,6.8583,Q,FALSE
412,1,1,1,33,1,0,90,Q,TRUE
413,0,2,0,,0,0,0,S,FALSE
414,1,3,0,44,0,0,7.925,S,TRUE
415,0,3,1,,0,0,8.05,S,FALSE
416,1,2,1,34,1,1,32.5,S,TRUE
417,1,2,1,18,0,2,13,S,TRUE
418,0,2,0,30,0,0,13,S,TRUE
419,0,3,1,10,0,2,24.15,S,TRUE
420,0,3,0,,0,0,7.8958,C,FALSE
421,0,3,0,21,0,0,7.7333,Q,TRUE
422,0,3,0,29,0,0,7.875,S,TRUE
423,0,3,1,28,1,1,14.4,S,TRUE
424,0,3,0,18,1,1,20.2125,S,TRUE
425,0,3,0,,0,0,7.25,S,FALSE
426,1,2,1,28,1,0,26,S,TRUE
427,1,2,1,19,0,0,26,S,TRUE
428,0,3,0,,0,0,7.75,Q,FALSE
429,1,3,0,32,0,0,8.05,S,TRUE
430,1,1,0,28,0,0,26.55,S,TRUE
431,1,3,1,,1,0,16.1,S,FALSE
432,1,2,1,42,1,0,26,S,TRUE
433,0,3,0,17,0,0,7.125,S,TRUE
434,0,1,0,50,1,0,55.9,S,TRUE
435,1,1,1,14,1,2,120,S,TRUE
436,0,3,1,21,2,2,34.375,S,TRUE
437,1,2,1,24,2,3,18.75,S,TRUE
438,0,1,0,64,1,4,263,S,TRUE
439,0,2,0,31,0,0,10.5,S,TRUE
440,1,2,1,45,1,1,26.25,S,TRUE
441,0,3,0,20,0,0,9.5,S,TRUE
442,0,3,0,25,1,0,7.775,S,TRUE
443,1,2,1,28,0,0,13,S,TRUE
444,1,3,0,,0,0,8.1125,S,FALSE
445,1,1,0,4,0,2,81.8583,S,TRUE
446,1,2,1,13,0,1,19.5,S,TRUE
447,1,1,0,34,0,0,26.55,S,TRUE
448,1,3,1,5,2,1,19.2583,C,TRUE
449,1,1,0,52,0,0,30.5,S,TRUE
450,0,2,0,36,1,2,27.75,S,TRUE
451,0,3,0,,1,0,19.9667,S,FALSE
452,0,1,0,30,0,0,27.75,C,TRUE
453,1,1,0,49,1,0,89.1042,C,TRUE
454,0,3,0,,0,0,8.05,S,FALSE
455,1,3,0,29,0,0,7.8958,C,TRUE
456,0,1,0,65,0,0,26.55,S,TRUE
457,1,1,1,,1,0,51.8625,S,FALSE
458,1,2,1,50,0,0,10.5,S,TRUE
459,0,3,0,,0,0,7.75,Q,FALSE
460,1,1,0,48,0,0,26.55,S,TRUE
461,0,3,0,34,0,0,8.05,S,TRUE
462,0,1,0,47,0,0,38.5,S,TRUE
463,0,2,0,48,0,0,13,S,TRUE
464,0,3,0,,0,0,8.05,S,FALSE
465,0,3,0,38,0,0,7.05,S,TRUE
466,0,2,0,,0,0,0,S,FALSE
467,0,1,0,56,0,0,26.55,S,TRUE
468,0,3,0,,0,0,7.725,Q,FALSE
469,1,3,1,0.75,2,1,19.2583,C,TRUE
470,0,3,0,,0,0,7.25,S,FALSE
471,0,3,0,38,0,0,8.6625,S,TRUE
472,1,2,1,33,1,2,27.75,S,TRUE
473,1,2,1,23,0,0,13.7917,C,TRUE
474,0,3,1,22,0,0,9.8375,S,TRUE
475,0,1,0,,0,0,52,S,FALSE
476,0,2,0,34,1,0,21,S,TRUE
477,0,3,0,29,1,0,7.0458,S,TRUE
478,0,3,0,22,0,0,7.5208,S,TRUE
479,1,3,1,2,0,1,12.2875,S,TRUE
480,0,3,0,9,5,2,46.9,S,TRUE
481,0,2,0,,0,0,0,S,FALSE
482,0,3,0,50,0,0,8.05,S,TRUE
483,1,3,1,63,0,0,9.5875,S,TRUE
484,1,1,0,25,1,0,91.0792,C,TRUE
485,0,3,1,,3,1,25.4667,S,FALSE
486,1,1,1,35,1,0,90,S,TRUE
487,0,1,0,58,0,0,29.7,C,TRUE
488,0,3,0,30,0,0,8.05,S,TRUE
489,1,3,0,9,1,1,15.9,S,TRUE
490,0,3,0,,1,0,19.9667,S,FALSE
491,0,3,0,21,0,0,7.25,S,TRUE
492,0,1,0,55,0,0,30.5,S,TRUE
493,0,1,0,71,0,0,49.5042,C,TRUE
494,0,3,0,21,0,0,8.05,S,TRUE
495,0,3,0,,0,0,14.4583,C,FALSE
496,1,1,1,54,1,0,78.2667,C,TRUE
497,0,3,0,,0,0,15.1,S,FALSE
498,0,1,1,25,1,2,151.55,S,TRUE
499,0,3,0,24,0,0,7.7958,S,TRUE
500,0,3,0,17,0,0,8.6625,S,TRUE
501,0,3,1,21,0,0,7.75,Q,TRUE
502,0,3,1,,0,0,7.6292,Q,FALSE
503,0,3,1,37,0,0,9.5875,S,TRUE
504,1,1,1,16,0,0,86.5,S,TRUE
505,0,1,0,18,1,0,108.9,C,TRUE
506,1,2,1,33,0,2,26,S,TRUE
507,1,1,0,,0,0,26.55,S,FALSE
508,0,3,0,28,0,0,22.525,S,TRUE
509,1,3,0,26,0,0,56.4958,S,TRUE
510,1,3,0,29,0,0,7.75,Q,TRUE
511,0,3,0,,0,0,8.05,S,FALSE
512,1,1,0,36,0,0,26.2875,S,TRUE
513,1,1,1,54,1,0,59.4,C,TRUE
514,0,3,0,24,0,0,7.4958,S,TRUE
515,0,1,0,47,0,0,34.0208,S,TRUE
516,1,2,1,34,0,0,10.5,S,TRUE
517,0,3,0,,0,0,24.15,Q,FALSE
518,1,2,1,36,1,0,26,S,TRUE
519,0,3,0,32,0,0,7.8958,S,TRUE
520,1,1,1,30,0,0,93.5,S,TRUE
521,0,3,0,22,0,0,7.8958,S,TRUE
522,0,3,0,,0,0,7.225,C,FALSE
523,1,1,1,44,0,1,57.9792,C,TRUE
524,0,3,0,,0,0,7.2292,C,FALSE
525,0,3,0,40.5,0,0,7.75,Q,TRUE
526,1,2,1,50,0,0,10.5,S,TRUE
527,0,1,0,,0,0,221.7792,S,FALSE
528,0,3,0,39,0,0,7.925,S,TRUE
529,0,2,0,23,2,1,11.5,S,TRUE
530,1,2,1,2,1,1,26,S,TRUE
531,0,3,0,,0,0,7.2292,C,FALSE
532,0,3,0,17,1,1,7.2292,C,TRUE
533,1,3,1,,0,2,22.3583,C,FALSE
534,0,3,1,30,0,0,8.6625,S,TRUE
535,1,2,1,7,0,2,26.25,S,TRUE
536,0,1,0,45,0,0,26.55,S,TRUE
537,1,1,1,30,0,0,106.425,C,TRUE
538,0,3,0,,0,0,14.5,S,FALSE
539,1,1,1,22,0,2,49.5,C,TRUE
540,1,1,1,36,0,2,71,S,TRUE
541,0,3,1,9,4,2,31.275,S,TRUE
542,0,3,1,11,4,2,31.275,S,TRUE
543,1,2,0,32,1,0,26,S,TRUE
544,0,1,0,50,1,0,106.425,C,TRUE
545,0,1,0,64,0,0,26,S,TRUE
546,1,2,1,19,1,0,26,S,TRUE
547,1,2,0,,0,0,13.8625,C,FALSE
548,0,3,0,33,1,1,20.525,S,TRUE
549,1,2,0,8,1,1,36.75,S,TRUE
550,1,1,0,17,0,2,110.8833,C,TRUE
551,0,2,0,27,0,0,26,S,TRUE
552,0,3,0,,0,0,7.8292,Q,FALSE
553,1,3,0,22,0,0,7.225,C,TRUE
554,1,3,1,22,0,0,7.775,S,TRUE
555,0,1,0,62,0,0,26.55,S,TRUE
556,1,1,1,48,1,0,39.6,C,TRUE
557,0,1,0,,0,0,227.525,C,FALSE
558,1,1,1,39,1,1,79.65,S,TRUE
559,1,3,1,36,1,0,17.4,S,TRUE
560,0,3,0,,0,0,7.75,Q,FALSE
561,0,3,0,40,0,0,7.8958,S,TRUE
562,0,2,0,28,0,0,13.5,S,TRUE
563,0,3,0,,0,0,8.05,S,FALSE
564,0,3,1,,0,0,8.05,S,FALSE
565,0,3,0,24,2,0,24.15,S,TRUE
566,0,3,0,19,0,0,7.8958,S,TRUE
567,0,3,1,29,0,4,21.075,S,TRUE
568,0,3,0,,0,0,7.2292,C,FALSE
569,1,3,0,32,0,0,7.8542,S,TRUE
570,1,2,0,62,0,0,10.5,S,TRUE
571,1,1,1,53,2,0,51.4792,S,TRUE
572,1,1,0,36,0,0,26.3875,S,TRUE
573,1,3,1,,0,0,7.75,Q,FALSE
574,0,3,0,16,0,0,8.05,S,TRUE
575,0,3,0,19,0,0,14.5,S,TRUE
576,1,2,1,34,0,0,13,S,TRUE
577,1,1,1,39,1,0,55.9,S,TRUE
578,0,3,1,,1,0,14.4583,C,FALSE
579,1,3,0,32,0,0,7.925,S,TRUE
580,1,2,1,25,1,1,30,S,TRUE
581,1,1,1,39,1,1,110.8833,C,TRUE
582,0,2,0,54,0,0,26,S,TRUE
583,0,1,0,36,0,0,40.125,C,TRUE
584,0,3,0,,0,0,8.7125,C,FALSE
585,1,1,1,18,0,2,79.65,S,TRUE
586,0,2,0,47,0,0,15,S,TRUE
587,1,1,0,60,1,1,79.2,C,TRUE
588,0,3,0,22,0,0,8.05,S,TRUE
589,0,3,0,,0,0,8.05,S,FALSE
590,0,3,0,35,0,0,7.125,S,TRUE
591,1,1,1,52,1,0,78.2667,C,TRUE
592,0,3,0,47,0,0,7.25,S,TRUE
593,0,3,1,,0,2,7.75,Q,FALSE
594,0,2,0,37,1,0,26,S,TRUE
595,0,3,0,36,1,1,24.15,S,TRUE
596,1,2,1,,0,0,33,S,FALSE
597,0,3,0,49,0,0,0,S,TRUE
598,0,3,0,,0,0,7.225,C,FALSE
599,1,1,0,49,1,0,56.9292,C,TRUE
600,1,2,1,24,2,1,27,S,TRUE
601,0,3,0,,0,0,7.8958,S,FALSE
602,0,1,0,,0,0,42.4,S,FALSE
603,0,3,0,44,0,0,8.05,S,TRUE
604,1,1,0,35,0,0,26.55,C,TRUE
605,0,3,0,36,1,0,15.55,S,TRUE
606,0,3,0,30,0,0,7.8958,S,TRUE
607,1,1,0,27,0,0,30.5,S,TRUE
608,1,2,1,22,1,2,41.5792,C,TRUE
609,1,1,1,40,0,0,153.4625,S,TRUE
610,0,3,1,39,1,5,31.275,S,TRUE
611,0,3,0,,0,0,7.05,S,FALSE
612,1,3,1,,1,0,15.5,Q,FALSE
613,0,3,0,,0,0,7.75,Q,FALSE
614,0,3,0,35,0,0,8.05,S,TRUE
615,1,2,1,24,1,2,65,S,TRUE
616,0,3,0,34,1,1,14.4,S,TRUE
617,0,3,1,26,1,0,16.1,S,TRUE
618,1,2,1,4,2,1,39,S,TRUE
619,0,2,0,26,0,0,10.5,S,TRUE
620,0,3,0,27,1,0,14.4542,C,TRUE
621,1,1,0,42,1,0,52.5542,S,TRUE
622,1,3,0,20,1,1,15.7417,C,TRUE
623,0,3,0,21,0,0,7.8542,S,TRUE
624,0,3,0,21,0,0,16.1,S,TRUE
625,0,1,0,61,0,0,32.3208,S,TRUE
626,0,2,0,57,0,0,12.35,Q,TRUE
627,1,1,1,21,0,0,77.9583,S,TRUE
628,0,3,0,26,0,0,7.8958,S,TRUE
629,0,3,0,,0,0,7.7333,Q,FALSE
630,1,1,0,80,0,0,30,S,TRUE
631,0,3,0,51,0,0,7.0542,S,TRUE
632,1,1,0,32,0,0,30.5,C,TRUE
633,0,1,0,,0,0,0,S,FALSE
634,0,3,1,9,3,2,27.9,S,TRUE
635,1,2,1,28,0,0,13,S,TRUE
636,0,3,0,32,0,0,7.925,S,TRUE
637,0,2,0,31,1,1,26.25,S,TRUE
638,0,3,1,41,0,5,39.6875,S,TRUE
639,0,3,0,,1,0,16.1,S,FALSE
640,0,3,0,20,0,0,7.8542,S,TRUE
641,1,1,1,24,0,0,69.3,C,TRUE
642,0,3,1,2,3,2,27.9,S,TRUE
643,1,3,0,,0,0,56.4958,S,FALSE
644,1,3,1,0.75,2,1,19.2583,C,TRUE
645,1,1,0,48,1,0,76.7292,C,TRUE
646,0,3,0,19,0,0,7.8958,S,TRUE
647,1,1,0,56,0,0,35.5,C,TRUE
648,0,3,0,,0,0,7.55,S,FALSE
649,1,3,1,23,0,0,7.55,S,TRUE
650,0,3,0,,0,0,7.8958,S,FALSE
651,1,2,1,18,0,1,23,S,TRUE
652,0,3,0,21,0,0,8.4333,S,TRUE
653,1,3,1,,0,0,7.8292,Q,FALSE
654,0,3,1,18,0,0,6.75,Q,TRUE
655,0,2,0,24,2,0,73.5,S,TRUE
656,0,3,0,,0,0,7.8958,S,FALSE
657,0,3,1,32,1,1,15.5,Q,TRUE
658,0,2,0,23,0,0,13,S,TRUE
659,0,1,0,58,0,2,113.275,C,TRUE
660,1,1,0,50,2,0,133.65,S,TRUE
661,0,3,0,40,0,0,7.225,C,TRUE
662,0,1,0,47,0,0,25.5875,S,TRUE
663,0,3,0,36,0,0,7.4958,S,TRUE
664,1,3,0,20,1,0,7.925,S,TRUE
665,0,2,0,32,2,0,73.5,S,TRUE
666,0,2,0,25,0,0,13,S,TRUE
667,0,3,0,,0,0,7.775,S,FALSE
668,0,3,0,43,0,0,8.05,S,TRUE
669,1,1,1,,1,0,52,S,FALSE
670,1,2,1,40,1,1,39,S,TRUE
671,0,1,0,31,1,0,52,S,TRUE
672,0,2,0,70,0,0,10.5,S,TRUE
673,1,2,0,31,0,0,13,S,TRUE
674,0,2,0,,0,0,0,S,FALSE
675,0,3,0,18,0,0,7.775,S,TRUE
676,0,3,0,24.5,0,0,8.05,S,TRUE
677,1,3,1,18,0,0,9.8417,S,TRUE
678,0,3,1,43,1,6,46.9,S,TRUE
679,1,1,0,36,0,1,512.3292,C,TRUE
680,0,3,1,,0,0,8.1375,Q,FALSE
681,1,1,0,27,0,0,76.7292,C,TRUE
682,0,3,0,20,0,0,9.225,S,TRUE
683,0,3,0,14,5,2,46.9,S,TRUE
684,0,2,0,60,1,1,39,S,TRUE
685,0,2,0,25,1,2,41.5792,C,TRUE
686,0,3,0,14,4,1,39.6875,S,TRUE
687,0,3,0,19,0,0,10.1708,S,TRUE
688,0,3,0,18,0,0,7.7958,S,TRUE
689,1,1,1,15,0,1,211.3375,S,TRUE
690,1,1,0,31,1,0,57,S,TRUE
691,1,3,1,4,0,1,13.4167,C,TRUE
692,1,3,0,,0,0,56.4958,S,FALSE
693,0,3,0,25,0,0,7.225,C,TRUE
694,0,1,0,60,0,0,26.55,S,TRUE
695,0,2,0,52,0,0,13.5,S,TRUE
696,0,3,0,44,0,0,8.05,S,TRUE
697,1,3,1,,0,0,7.7333,Q,FALSE
698,0,1,0,49,1,1,110.8833,C,TRUE
699,0,3,0,42,0,0,7.65,S,TRUE
700,1,1,1,18,1,0,227.525,C,TRUE
701,1,1,0,35,0,0,26.2875,S,TRUE
702,0,3,1,18,0,1,14.4542,C,TRUE
703,0,3,0,25,0,0,7.7417,Q,TRUE
704,0,3,0,26,1,0,7.8542,S,TRUE
705,0,2,0,39,0,0,26,S,TRUE
706,1,2,1,45,0,0,13.5,S,TRUE
707,1,1,0,42,0,0,26.2875,S,TRUE
708,1,1,1,22,0,0,151.55,S,TRUE
709,1,3,0,,1,1,15.2458,C,FALSE
710,1,1,1,24,0,0,49.5042,C,TRUE
711,0,1,0,,0,0,26.55,S,FALSE
712,1,1,0,48,1,0,52,S,TRUE
713,0,3,0,29,0,0,9.4833,S,TRUE
714,0,2,0,52,0,0,13,S,TRUE
715,0,3,0,19,0,0,7.65,S,TRUE
716,1,1,1,38,0,0,227.525,C,TRUE
717,1,2,1,27,0,0,10.5,S,TRUE
718,0,3,0,,0,0,15.5,Q,FALSE
719,0,3,0,33,0,0,7.775,S,TRUE
720,1,2,1,6,0,1,33,S,TRUE
721,0,3,0,17,1,0,7.0542,S,TRUE
722,0,2,0,34,0,0,13,S,TRUE
723,0,2,0,50,0,0,13,S,TRUE
724,1,1,0,27,1,0,53.1,S,TRUE
725,0,3,0,20,0,0,8.6625,S,TRUE
726,1,2,1,30,3,0,21,S,TRUE
727,1,3,1,,0,0,7.7375,Q,FALSE
728,0,2,0,25,1,0,26,S,TRUE
729,0,3,1,25,1,0,7.925,S,TRUE
730,1,1,1,29,0,0,211.3375,S,TRUE
731,0,3,0,11,0,0,18.7875,C,TRUE
732,0,2,0,,0,0,0,S,FALSE
733,0,2,0,23,0,0,13,S,TRUE
734,0,2,0,23,0,0,13,S,TRUE
735,0,3,0,28.5,0,0,16.1,S,TRUE
736,0,3,1,48,1,3,34.375,S,TRUE
737,1,1,0,35,0,0,512.3292,C,TRUE
738,0,3,0,,0,0,7.8958,S,FALSE
739,0,3,0,,0,0,7.8958,S,FALSE
740,1,1,0,,0,0,30,S,FALSE
741,0,1,0,36,1,0,78.85,S,TRUE
742,1,1,1,21,2,2,262.375,C,TRUE
743,0,3,0,24,1,0,16.1,S,TRUE
744,1,3,0,31,0,0,7.925,S,TRUE
745,0,1,0,70,1,1,71,S,TRUE
746,0,3,0,16,1,1,20.25,S,TRUE
747,1,2,1,30,0,0,13,S,TRUE
748,0,1,0,19,1,0,53.1,S,TRUE
749,0,3,0,31,0,0,7.75,Q,TRUE
750,1,2,1,4,1,1,23,S,TRUE
751,1,3,0,6,0,1,12.475,S,TRUE
752,0,3,0,33,0,0,9.5,S,TRUE
753,0,3,0,23,0,0,7.8958,S,TRUE
754,1,2,1,48,1,2,65,S,TRUE
755,1,2,0,0.67,1,1,14.5,S,TRUE
756,0,3,0,28,0,0,7.7958,S,TRUE
757,0,2,0,18,0,0,11.5,S,TRUE
758,0,3,0,34,0,0,8.05,S,TRUE
759,1,1,1,33,0,0,86.5,S,TRUE
760,0,3,0,,0,0,14.5,S,FALSE
761,0,3,0,41,0,0,7.125,S,TRUE
762,1,3,0,20,0,0,7.2292,C,TRUE
763,1,1,1,36,1,2,120,S,TRUE
764,0,3,0,16,0,0,7.775,S,TRUE
765,1,1,1,51,1,0,77.9583,S,TRUE
766,0,1,0,,0,0,39.6,C,FALSE
767,0,3,1,30.5,0,0,7.75,Q,TRUE
768,0,3,0,,1,0,24.15,Q,FALSE
769,0,3,0,32,0,0,8.3625,S,TRUE
770,0,3,0,24,0,0,9.5,S,TRUE
771,0,3,0,48,0,0,7.8542,S,TRUE
772,0,2,1,57,0,0,10.5,S,TRUE
773,0,3,0,,0,0,7.225,C,FALSE
774,1,2,1,54,1,3,23,S,TRUE
775,0,3,0,18,0,0,7.75,S,TRUE
776,0,3,0,,0,0,7.75,Q,FALSE
777,1,3,1,5,0,0,12.475,S,TRUE
778,0,3,0,,0,0,7.7375,Q,FALSE
779,1,1,1,43,0,1,211.3375,S,TRUE
780,1,3,1,13,0,0,7.2292,C,TRUE
781,1,1,1,17,1,0,57,S,TRUE
782,0,1,0,29,0,0,30,S,TRUE
783,0,3,0,,1,2,23.45,S,FALSE
784,0,3,0,25,0,0,7.05,S,TRUE
785,0,3,0,25,0,0,7.25,S,TRUE
786,1,3,1,18,0,0,7.4958,S,TRUE
787,0,3,0,8,4,1,29.125,Q,TRUE
788,1,3,0,1,1,2,20.575,S,TRUE
789,0,1,0,46,0,0,79.2,C,TRUE
790,0,3,0,,0,0,7.75,Q,FALSE
791,0,2,0,16,0,0,26,S,TRUE
792,0,3,1,,8,2,69.55,S,FALSE
793,0,1,0,,0,0,30.6958,C,FALSE
794,0,3,0,25,0,0,7.8958,S,TRUE
795,0,2,0,39,0,0,13,S,TRUE
796,1,1,1,49,0,0,25.9292,S,TRUE
797,1,3,1,31,0,0,8.6833,S,TRUE
798,0,3,0,30,0,0,7.2292,C,TRUE
799,0,3,1,30,1,1,24.15,S,TRUE
800,0,2,0,34,0,0,13,S,TRUE
801,1,2,1,31,1,1,26.25,S,TRUE
802,1,1,0,11,1,2,120,S,TRUE
803,1,3,0,0.42,0,1,8.5167,C,TRUE
804,1,3,0,27,0,0,6.975,S,TRUE
805,0,3,0,31,0,0,7.775,S,TRUE
806,0,1,0,39,0,0,0,S,TRUE
807,0,3,1,18,0,0,7.775,S,TRUE
808,0,2,0,39,0,0,13,S,TRUE
809,1,1,1,33,1,0,53.1,S,TRUE
810,0,3,0,26,0,0,7.8875,S,TRUE
811,0,3,0,39,0,0,24.15,S,TRUE
812,0,2,0,35,0,0,10.5,S,TRUE
813,0,3,1,6,4,2,31.275,S,TRUE
814,0,3,0,30.5,0,0,8.05,S,TRUE
815,0,1,0,,0,0,0,S,FALSE
816,0,3,1,23,0,0,7.925,S,TRUE
817,0,2,0,31,1,1,37.0042,C,TRUE
818,0,3,0,43,0,0,6.45,S,TRUE
819,0,3,0,10,3,2,27.9,S,TRUE
820,1,1,1,52,1,1,93.5,S,TRUE
821,1,3,0,27,0,0,8.6625,S,TRUE
822,0,1,0,38,0,0,0,S,TRUE
823,1,3,1,27,0,1,12.475,S,TRUE
824,0,3,0,2,4,1,39.6875,S,TRUE
825,0,3,0,,0,0,6.95,Q,FALSE
826,0,3,0,,0,0,56.4958,S,FALSE
827,1,2,0,1,0,2,37.0042,C,TRUE
828,1,3,0,,0,0,7.75,Q,FALSE
829,1,1,1,62,0,0,80,S,TRUE
830,1,3,1,15,1,0,14.4542,C,TRUE
831,1,2,0,0.83,1,1,18.75,S,TRUE
832,0,3,0,,0,0,7.2292,C,FALSE
833,0,3,0,23,0,0,7.8542,S,TRUE
834,0,3,0,18,0,0,8.3,S,TRUE
835,1,1,1,39,1,1,83.1583,C,TRUE
836,0,3,0,21,0,0,8.6625,S,TRUE
837,0,3,0,,0,0,8.05,S,FALSE
838,1,3,0,32,0,0,56.4958,S,TRUE
839,1,1,0,,0,0,29.7,C,FALSE
840,0,3,0,20,0,0,7.925,S,TRUE
841,0,2,0,16,0,0,10.5,S,TRUE
842,1,1,1,30,0,0,31,C,TRUE
843,0,3,0,34.5,0,0,6.4375,C,TRUE
844,0,3,0,17,0,0,8.6625,S,TRUE
845,0,3,0,42,0,0,7.55,S,TRUE
846,0,3,0,,8,2,69.55,S,FALSE
847,0,3,0,35,0,0,7.8958,C,TRUE
848,0,2,0,28,0,1,33,S,TRUE
849,1,1,1,,1,0,89.1042,C,FALSE
850,0,3,0,4,4,2,31.275,S,TRUE
851,0,3,0,74,0,0,7.775,S,TRUE
852,0,3,1,9,1,1,15.2458,C,TRUE
853,1,1,1,16,0,1,39.4,S,TRUE
854,0,2,1,44,1,0,26,S,TRUE
855,1,3,1,18,0,1,9.35,S,TRUE
856,1,1,1,45,1,1,164.8667,S,TRUE
857,1,1,0,51,0,0,26.55,S,TRUE
858,1,3,1,24,0,3,19.2583,C,TRUE
859,0,3,0,,0,0,7.2292,C,FALSE
860,0,3,0,41,2,0,14.1083,S,TRUE
861,0,2,0,21,1,0,11.5,S,TRUE
862,1,1,1,48,0,0,25.9292,S,TRUE
863,0,3,1,,8,2,69.55,S,FALSE
864,0,2,0,24,0,0,13,S,TRUE
865,1,2,1,42,0,0,13,S,TRUE
866,1,2,1,27,1,0,13.8583,C,TRUE
867,0,1,0,31,0,0,50.4958,S,TRUE
868,0,3,0,,0,0,9.5,S,FALSE
869,1,3,0,4,1,1,11.1333,S,TRUE
870,0,3,0,26,0,0,7.8958,S,TRUE
871,1,1,1,47,1,1,52.5542,S,TRUE
872,0,1,0,33,0,0,5,S,TRUE
873,0,3,0,47,0,0,9,S,TRUE
874,1,2,1,28,1,0,24,C,TRUE
875,1,3,1,15,0,0,7.225,C,TRUE
876,0,3,0,20,0,0,9.8458,S,TRUE
877,0,3,0,19,0,0,7.8958,S,TRUE
878,0,3,0,,0,0,7.8958,S,FALSE
879,1,1,1,56,0,1,83.1583,C,TRUE
880,1,2,1,25,0,1,26,S,TRUE
881,0,3,0,33,0,0,7.8958,S,TRUE
882,0,3,1,22,0,0,10.5167,S,TRUE
883,0,2,0,28,0,0,10.5,S,TRUE
884,0,3,0,25,0,0,7.05,S,TRUE
885,0,3,1,39,0,5,29.125,Q,TRUE
886,0,2,0,27,0,0,13,S,TRUE
887,1,1,1,19,0,0,30,S,TRUE
888,0,3,1,,1,2,23.45,S,FALSE
889,1,1,0,26,0,0,30,C,TRUE
890,0,3,0,32,0,0,7.75,Q,TRUE